,Average Earnings
0,565.78
1,722.46
2,2391.3
3,791.58
4,4126.32
5,2186.53
6,612.24
7,3630.43
8,785.34
9,1642.86
10,859.03
11,609.26
12,1042.25
13,2481.48
14,2180.56
15,1840.43
16,402.23
17,2074.26
18,962.26
19,4385.25
20,903.13
21,2134.62
22,1836.73
23,1102.27
24,420.83
25,1943.46
26,1012.35
27,1140.85
28,430.53
29,2311.17
30,2148.94
31,838.98
32,3636.36
33,538.46
34,1041.38
35,702.7
36,568.63
37,1617.02
38,3574.71
39,2310.34
40,152.74
41,277.47
42,1265.31
43,1045.13
44,810.5
45,2675.68
46,1007.69
47,1794.12
48,4351.65
49,568.76
50,1007.46
51,2406.25
52,1394.74
53,2125.0
54,916.67
55,955.36
56,1322.03
57,1432.43
58,754.1
59,1222.22
60,1494.77
61,799.18
62,551.02
63,372.39
64,385.02
65,1180.09
66,1208.33
67,1884.62
68,1090.91
69,1195.12
70,1266.67
71,458.41
72,3210.53
73,960.0
74,816.86
75,76.4
76,100.82
77,1280.25
78,686.57
79,129.24
80,782.73
81,633.91
82,622.05
83,976.74
84,2100.0
85,1225.61
86,606.74
87,1661.76
88,1281.25
89,471.7
90,754.1
91,1170.0
92,870.37
93,2923.08
94,614.29
95,995.0
96,209.29
97,1293.1
98,460.78
99,1551.72
100,1488.37
101,696.2
102,331.51
103,1308.9
104,708.86
105,221.15
106,537.31
107,486.49
108,388.69
109,3800.0
110,921.05
111,833.33
112,1029.41
113,378.79
114,297.87
115,1360.0
116,448.28
117,1985.71
118,1269.23
119,1178.57
120,1640.62
121,136.72
122,2571.43
123,1684.21
124,1960.0
125,627.45
126,121.51
127,1631.58
128,859.46
129,686.49
130,970.15
131,224.4
132,1122.64
133,648.94
134,438.1
135,346.55
136,870.37
137,1247.93
138,160.25
139,794.39
140,884.75
141,138.64
142,413.04
143,282.61
144,939.39
145,723.81
146,964.29
147,425.93
148,463.64
149,1096.15
150,379.31
151,104.32
152,272.56
153,147.06
154,525.64
155,440.19
156,1689.32
157,625.0
158,884.62
159,938.46
160,108.02
161,1333.33
162,101.9
163,863.64
164,254.5
165,381.19
166,1775.0
167,535.56
168,670.89
169,1017.24
170,204.35
171,638.89
172,1454.55
173,2095.24
174,313.61
175,1210.53
176,298.29
177,487.18
178,566.04
179,389.83
180,1294.12
181,128.65
182,443.45
183,1100.0
184,175.4
185,647.06
186,2266.67
187,466.67
188,795.45
189,181.63
190,446.43
191,132.08
192,1909.09
193,113.58
194,1020.0
195,1818.18
196,739.53
197,196.34
198,89.8
199,148.85
200,92.17
201,87.19
202,109.5
203,56.93
204,349.06
205,171.39
206,2222.22
207,289.2
208,115.54
209,287.76
210,2485.71
211,772.51
212,162.39
213,283.22
214,143.59
215,418.75
216,900.0
217,1824.39
218,417.32
219,178.57
220,97.9
221,366.97
222,1129.03
223,173.65
224,1125.0
225,750.0
226,617.45
227,1022.22
228,4250.0
229,708.33
230,1011.05
231,127.27
232,333.33
233,116.13
234,913.04
235,360.11
236,3000.0
237,680.0
238,309.09
239,323.08
240,352.11
241,197.65
242,3200.0
243,504.35
244,204.3
245,761.9
246,928.57
247,1100.0
248,118.35
249,755.1
250,766.42
251,1192.66
252,1307.69
253,224.14
254,444.44
255,353.54
256,122.4
257,204.55
258,1183.43
259,1153.85
260,937.5
261,565.88
262,417.14
263,286.98
264,4666.67
265,323.94
266,127.07
267,400.0
268,424.24
269,1400.0
270,1188.68
271,1555.56
272,500.0
273,1300.0
274,321.89
275,217.82
276,274.51
277,90.3
278,495.15
279,363.64
280,936.17
281,958.33
282,375.0
283,114.81
284,135.92
285,114.66
286,1500.0
287,514.71
288,228.25
289,435.34
290,170.23
291,988.64
292,311.11
293,425.93
294,426.67
295,897.44
296,294.12
297,711.81
298,3666.67
299,500.0
300,85.51
301,233.77
302,67.53
303,478.26
304,443.8
305,342.86
306,197.53
307,120.0
308,448.28
309,144.74
310,960.0
311,358.82
312,191.74
313,347.83
314,285.71
315,230.77
316,833.33
317,66.67
318,280.7
319,672.13
320,909.09
321,627.8
322,404.26
323,96.45
324,101.32
325,342.76
326,131.07
327,3055.56
328,333.33
329,236.49
330,358.49
331,178.57
332,684.21
333,357.72
334,156.25
335,88.5
336,351.56
337,636.36
338,161.29
339,246.15
340,265.49
341,361.0
342,348.21
343,255.92
344,151.52
345,328.12
346,178.95
347,695.36
348,1383.14
349,105.26
350,144.69
351,235.09
352,1221.88
353,923.08
354,559.32
355,178.08
356,84.82
357,180.56
358,849.27
359,3600.0
360,1165.62
361,151.8
362,115.42
363,404.04
364,837.73
365,75.14
366,301.97
367,123.81
368,119.05
369,1116.88
370,167.98
371,370.37
372,890.45
373,660.0
374,111.73
375,264.53
376,461.54
377,2916.67
378,179.92
379,215.05
380,4342.0
381,284.09
382,325.48
383,263.16
384,132.45
385,101.45
386,196.26
387,321.43
388,375.0
389,187.74
390,85.71
391,598.57
392,1222.22
393,162.86
394,2718.33
395,112.18
396,127.81
397,107.69
398,1156.0
399,620.31
400,836.36
401,343.7
402,395.83
403,520.83
404,432.03
405,355.0
406,2000.0
407,108.06
408,884.11
409,111.86
410,791.8
411,59.78
412,373.63
413,66.06
414,113.64
415,2375.0
416,493.26
417,775.3
418,253.16
419,1287.0
420,389.47
421,285.71
422,267.81
423,1333.33
424,164.46
425,75.16
426,244.9
427,328.36
428,154.81
429,137.82
430,592.31
431,567.31
432,596.8
433,321.78
434,163.46
435,434.78
436,460.28
437,813.0
438,165.05
439,218.18
440,1458.6
441,256.41
442,1750.0
443,2142.5
444,72.05
445,162.16
446,139.07
447,760.0
448,285.71
449,89.38
450,207.55
451,234.57
452,549.25
453,1090.91
454,300.0
455,610.0
456,197.62
457,477.27
458,146.83
459,233.22
460,98.14
461,135.1
462,254.24
463,105.44
464,1428.57
465,378.38
466,92.82
467,207.32
468,152.73
469,106.8
470,96.15
471,208.33
472,68.97
473,220.34
474,602.07
475,522.18
476,54.62
477,305.74
478,457.88
479,126.15
480,186.44
481,164.58
482,350.26
483,426.57
484,255.32
485,123.08
486,208.65
487,229.89
488,178.66
489,114.15
490,1600.0
491,158.42
492,235.59
493,198.03
494,1055.83
495,127.48
496,109.19
497,233.62
498,273.09
499,194.74
500,1042.5
501,236.36
502,211.06
503,1553.75
504,110.5
505,86.43
506,162.61
507,164.84
508,111.11
509,380.77
510,138.66
511,156.64
512,1200.0
513,923.08
514,93.32
515,71.06
516,215.21
517,526.32
518,1192.0
519,129.77
520,456.85
521,246.75
522,250.0
523,1180.0
524,342.34
525,545.45
526,135.86
527,1629.03
528,1933.33
529,156.16
530,75.58
531,246.84
532,160.0
533,500.0
534,166.67
535,438.46
536,1000.0
537,1485.71
538,1656.25
539,42.48
540,1435.9
541,200.0
542,159.09
543,148.15
544,1137.33
545,277.19
546,196.36
547,56.91
548,163.04
549,434.78
550,258.24
551,1350.0
552,150.98
553,315.88
554,630.77
555,656.25
556,197.06
557,320.0
558,210.13
559,410.19
560,192.07
561,155.83
562,1529.41
563,400.0
564,339.11
565,46.99
566,100.26
567,166.65
568,322.62
569,139.71
570,458.33
571,719.75
572,444.44
573,254.55
574,312.44
575,110.1
576,91.06
577,419.75
578,42.57
579,226.23
580,988.6
581,377.0
582,612.5
583,383.74
584,253.91
585,220.59
586,1705.26
587,140.19
588,391.3
589,837.0
590,254.32
591,176.87
592,372.26
593,153.85
594,523.44
595,315.0
596,275.18
597,242.69
598,290.94
599,88.73
600,147.26
601,67.9
602,387.77
603,116.88
604,511.11
605,292.31
606,467.3
607,284.0
608,225.55
609,264.94
610,479.29
611,1073.33
612,412.5
613,412.5
614,322.07
615,254.9
616,325.64
617,148.44
618,1576.27
619,204.08
620,185.19
621,75.79
622,254.55
623,108.07
624,128.06
625,167.38
626,115.21
627,267.71
628,104.9
629,1333.33
630,138.31
631,319.11
632,131.25
633,135.76
634,239.0
635,127.44
636,259.97
637,133.99
638,529.41
639,62.37
640,53.8
641,97.56
642,104.62
643,381.57
644,161.1
645,88.66
646,500.0
647,104.93
648,108.39
649,114.94
650,104.64
651,59.88
652,163.6
653,175.44
654,84.86
655,116.83
656,145.17
657,676.33
658,205.65
659,92.16
660,319.12
661,622.75
662,87.3
663,196.58
664,354.84
665,83.44
666,1000.0
667,800.0
668,90.91
669,95.01
670,152.27
671,315.79
672,180.56
673,143.33
674,3941.0
675,156.25
676,85.41
677,218.75
678,325.0
679,50.66
680,99.59
681,84.11
682,483.0
683,396.82
684,322.69
685,109.27
686,87.96
687,545.45
688,273.21
689,102.8
690,250.98
691,1900.0
692,65.99
693,227.73
694,1571.43
695,197.45
696,85.56
697,222.47
698,414.44
699,59.67
700,667.73
701,169.81
702,250.0
703,217.65
704,48.05
705,609.76
706,147.29
707,298.85
708,285.71
709,303.53
710,463.6
711,102.36
712,194.16
713,172.19
714,73.08
715,3581.0
716,158.73
717,178.7
718,445.5
719,91.6
720,295.0
721,392.22
722,175.23
723,209.73
724,700.0
725,139.28
726,175.68
727,286.82
728,694.0
729,150.22
730,218.68
731,94.09
732,456.67
733,289.47
734,214.69
735,193.97
736,83.74
737,254.9
738,186.58
739,262.61
740,45.9
741,1133.33
742,342.11
743,129.51
744,306.82
745,675.0
746,76.66
747,214.29
748,83.6
749,145.51
750,578.89
751,196.59
752,833.25
753,65.35
754,326.79
755,624.83
756,103.34
757,553.57
758,354.84
759,571.43
760,339.0
761,111.69
762,470.0
763,218.0
764,326.7
765,296.45
766,60.11
767,183.27
768,222.22
769,403.75
770,268.92
771,500.0
772,176.8
773,110.34
774,64.02
775,545.45
776,64.17
777,430.46
778,590.83
779,238.33
780,694.44
781,254.55
782,1050.0
783,349.79
784,86.96
785,209.2
786,27.06
787,134.62
788,215.91
789,263.57
790,212.65
791,81.12
792,221.43
793,198.51
794,1256.4
795,96.49
796,162.81
797,122.22
798,218.57
799,130.83
800,297.3
801,118.24
802,126.55
803,287.76
804,215.69
805,1000.0
806,100.0
807,476.19
808,245.38
809,366.26
810,1486.0
811,989.0
812,82.36
813,146.2
814,43.8
815,104.8
816,151.52
817,33.45
818,77.82
819,136.84
820,92.26
821,60.98
822,1463.0
823,289.47
824,234.57
825,364.75
826,176.36
827,290.2
828,140.52
829,724.25
830,180.0
831,500.0
832,80.95
833,239.17
834,950.0
835,483.0
836,218.69
837,1421.0
838,182.44
839,296.14
840,105.12
841,173.41
842,379.78
843,103.69
844,345.97
845,178.69
846,43.55
847,866.67
848,1400.0
849,560.0
850,421.05
851,130.98
852,56.42
853,301.89
854,133.88
855,153.33
856,460.0
857,122.19
858,67.8
859,262.5
860,196.43
861,182.67
862,170.3
863,160.29
864,263.0
865,107.41
866,96.79
867,173.33
868,97.55
869,65.09
870,920.0
871,149.89
872,76.54
873,112.5
874,184.4
875,54.37
876,672.6
877,89.24
878,313.94
879,118.93
880,71.62
881,662.5
882,340.21
883,94.29
884,175.65
885,210.78
886,525.0
887,238.1
888,655.25
889,122.17
890,113.57
891,160.0
892,219.3
893,165.0
894,53.1
895,303.0
896,117.98
897,117.65
898,479.45
899,117.99
900,429.33
901,168.92
902,148.71
903,326.53
904,111.11
905,235.96
906,2006.67
907,74.24
908,635.25
909,68.57
910,111.66
911,229.45
912,303.37
913,1260.0
914,418.67
915,114.14
916,113.73
917,357.14
918,163.16
919,61.09
920,81.09
921,629.63
922,112.86
923,112.22
924,145.35
925,69.08
926,49.2
927,427.03
928,84.14
929,186.4
930,346.71
931,112.11
932,105.43
933,121.15
934,2086.67
935,56.64
936,194.81
937,805.0
938,802.67
939,343.75
940,109.36
941,200.42
942,450.0
943,196.43
944,299.5
945,279.07
946,105.83
947,654.6
948,392.5
949,145.58
950,941.18
951,62.13
952,58.38
953,70.01
954,333.86
955,182.69
956,204.02
957,155.48
958,193.33
959,46.22
960,403.16
961,1166.67
962,278.2
963,265.62
964,76.77
965,120.14
966,49.78
967,114.4
968,128.71
969,70.87
970,142.38
971,106.95
972,66.3
973,138.67
974,61.32
975,160.64
976,551.72
977,171.62
978,101.13
979,51.88
980,220.6
981,444.6
982,102.74
983,103.78
984,142.27
985,368.83
986,41.9
987,81.48
988,139.9
989,35.31
990,416.67
991,99.17
992,83.1
993,44.68
994,120.0
995,190.58
996,1080.0
997,304.35
998,126.71
999,1293.1
1000,1300.0
1001,326.25
1002,180.42
1003,248.78
1004,334.38
1005,250.0
1006,126.97
1007,41.27
1008,304.43
1009,48.25
1010,132.94
1011,160.0
1012,317.88
1013,177.29
1014,124.65
1015,162.69
1016,65.12
1017,103.87
1018,421.2
1019,514.29
1020,183.49
1021,1050.0
1022,1050.0
1023,535.0
1024,185.71
1025,370.83
1026,335.71
1027,218.42
1028,153.85
1029,81.03
1030,130.45
1031,125.0
1032,109.74
1033,173.5
1034,18.28
1035,115.39
1036,102.81
1037,81.38
1038,140.85
1039,1032.5
1040,51.6
1041,77.04
1042,102.23
1043,370.37
1044,205.79
1045,17.95
1046,410.0
1047,1025.0
1048,65.17
1049,565.22
1050,34.71
1051,157.31
1052,523.81
1053,508.75
1054,226.0
1055,290.0
1056,56.76
1057,154.15
1058,404.2
1059,1010.0
1060,168.42
1061,404.22
1062,120.88
1063,223.67
1064,54.73
1065,180.33
1066,859.29
1067,455.0
1068,2000.0
1069,1000.0
1070,2000.0
1071,1717.33
1072,182.48
1073,63.86
1074,833.33
1075,174.72
1076,272.73
1077,98.57
1078,70.84
1079,85.96
1080,493.75
1081,113.44
1082,56.37
1083,83.68
1084,16.98
1085,323.17
1086,65.92
1087,392.28
1088,67.1
1089,84.97
1090,769.0
1091,60.08
1092,201.26
1093,94.52
1094,207.55
1095,46.12
1096,240.62
1097,96.15
1098,99.48
1099,162.45
1100,96.67
1101,273.71
1102,129.92
1103,191.1
1104,159.17
1105,406.17
1106,136.14
1107,150.0
1108,127.0
1109,164.9
1110,107.38
1111,100.21
1112,850.34
1113,583.33
1114,213.43
1115,116.67
1116,49.5
1117,181.96
1118,316.25
1119,250.0
1120,873.17
1121,140.29
1122,113.54
1123,84.55
1124,97.4
1125,225.1
1126,102.78
1127,2016.88
1128,407.14
1129,357.56
1130,312.5
1131,631.58
1132,76.79
1133,51.52
1134,230.77
1135,170.93
1136,117.42
1137,82.0
1138,80.96
1139,58.61
1140,51.71
1141,58.35
1142,72.36
1143,114.28
1144,360.0
1145,450.0
1146,3094.34
1147,370.0
1148,900.0
1149,900.0
1150,225.0
1151,597.7
1152,114.88
1153,457.14
1154,128.21
1155,89.7
1156,88.4
1157,119.0
1158,95.79
1159,219.09
1160,309.73
1161,355.0
1162,60.57
1163,50.37
1164,144.25
1165,109.76
1166,293.33
1167,58.63
1168,711.33
1169,131.07
1170,350.0
1171,257.58
1172,1285.71
1173,132.84
1174,132.2
1175,468.4
1176,102.47
1177,261.54
1178,52.48
1179,179.81
1180,285.71
1181,165.41
1182,148.7
1183,112.56
1184,43.48
1185,131.79
1186,45.0
1187,68.28
1188,145.25
1189,106.38
1190,270.67
1191,70.83
1192,169.6
1193,242.21
1194,338.2
1195,37.78
1196,138.22
1197,175.1
1198,186.67
1199,197.5
1200,79.76
1201,119.64
1202,353.7
1203,52.12
1204,151.27
1205,828.5
1206,95.45
1207,175.89
1208,978.72
1209,206.82
1210,380.0
1211,269.86
1212,274.0
1213,57.36
1214,60.78
1215,1640.0
1216,125.69
1217,125.69
1218,816.0
1219,132.86
1220,115.46
1221,114.76
1222,108.27
1223,59.7
1224,60.37
1225,80.56
1226,79.38
1227,33.8
1228,123.77
1229,519.69
1230,320.0
1231,200.0
1232,246.33
1233,400.0
1234,1600.0
1235,633.33
1236,400.0
1237,133.33
1238,67.83
1239,105.18
1240,52.7
1241,321.88
1242,197.67
1243,107.04
1244,13.42
1245,162.1
1246,520.0
1247,56.36
1248,140.32
1249,320.71
1250,387.5
1251,88.26
1252,92.41
1253,261.12
1254,27.89
1255,122.22
1256,73.09
1257,209.05
1258,61.46
1259,439.39
1260,285.71
1261,54.19
1262,63.83
1263,99.78
1264,56.97
1265,323.33
1266,750.0
1267,269.23
1268,1500.0
1269,214.29
1270,1500.0
1271,750.0
1272,250.0
1273,750.0
1274,150.0
1275,253.97
1276,1500.0
1277,1500.0
1278,149.85
1279,126.75
1280,67.0
1281,34.51
1282,1483.0
1283,97.19
1284,98.67
1285,207.41
1286,122.73
1287,735.0
1288,163.33
1289,103.48
1290,127.4
1291,672.13
1292,69.43
1293,94.41
1294,69.36
1295,203.28
1296,110.79
1297,470.0
1298,258.0
1299,146.07
1300,28.84
1301,112.5
1302,720.0
1303,146.33
1304,71.65
1305,50.03
1306,110.08
1307,262.3
1308,143.84
1309,129.55
1310,356.25
1311,75.0
1312,119.97
1313,427.35
1314,202.14
1315,353.75
1316,88.44
1317,186.43
1318,128.18
1319,108.46
1320,518.52
1321,93.6
1322,122.55
1323,102.97
1324,233.5
1325,700.0
1326,285.0
1327,290.91
1328,87.38
1329,39.28
1330,107.08
1331,613.33
1332,89.72
1333,281.69
1334,173.62
1335,48.76
1336,137.52
1337,125.14
1338,86.25
1339,43.09
1340,125.27
1341,172.12
1342,53.6
1343,133.73
1344,114.39
1345,97.5
1346,96.53
1347,84.2
1348,227.0
1349,437.5
1350,652.0
1351,195.28
1352,139.2
1353,164.31
1354,65.83
1355,76.92
1356,34.35
1357,66.85
1358,102.69
1359,1333.0
1360,70.0
1361,716.67
1362,147.22
1363,68.45
1364,215.33
1365,440.0
1366,660.0
1367,2428.57
1368,313.3
1369,438.33
1370,59.57
1371,57.09
1372,62.08
1373,155.74
1374,200.0
1375,135.0
1376,67.14
1377,52.16
1378,260.0
1379,88.45
1380,154.7
1381,114.48
1382,110.17
1383,53.63
1384,429.0
1385,240.15
1386,147.78
1387,342.69
1388,100.96
1389,67.05
1390,143.92
1391,93.09
1392,391.3
1393,78.81
1394,79.32
1395,51.04
1396,34.72
1397,416.67
1398,362.64
1399,312.5
1400,1250.0
1401,48.08
1402,144.93
1403,48.52
1404,200.0
1405,176.71
1406,90.91
1407,110.5
1408,138.28
1409,95.96
1410,64.61
1411,232.32
1412,174.14
1413,76.36
1414,71.07
1415,499.25
1416,99.22
1417,250.0
1418,99.87
1419,151.49
1420,70.76
1421,200.33
1422,74.59
1423,75.06
1424,400.0
1425,400.0
1426,600.0
1427,600.0
1428,400.0
1429,155.5
1430,935.0
1431,126.21
1432,521.67
1433,371.43
1434,380.62
1435,93.12
1436,49.6
1437,56.41
1438,170.0
1439,396.67
1440,169.86
1441,118.9
1442,118.5
1443,174.6
1444,98.67
1445,363.64
1446,59.91
1447,51.39
1448,551.72
1449,123.81
1450,293.75
1451,106.0
1452,622.6
1453,144.5
1454,170.14
1455,50.38
1456,175.0
1457,287.5
1458,724.14
1459,42.33
1460,194.73
1461,157.06
1462,381.33
1463,190.33
1464,198.94
1465,93.09
1466,510.0
1467,48.98
1468,227.6
1469,59.84
1470,42.07
1471,100.0
1472,121.21
1473,1700.0
1474,49.0
1475,112.6
1476,187.5
1477,160.0
1478,130.08
1479,32.34
1480,204.08
1481,43.73
1482,69.56
1483,53.0
1484,170.11
1485,61.78
1486,123.33
1487,166.25
1488,75.54
1489,39.18
1490,21.9
1491,233.47
1492,366.67
1493,366.67
1494,159.38
1495,54.71
1496,231.59
1497,432.0
1498,136.0
1499,141.56
1500,217.2
1501,176.67
1502,87.62
1503,43.41
1504,43.7
1505,153.23
1506,315.79
1507,187.13
1508,187.82
1509,265.0
1510,150.71
1511,175.67
1512,351.33
1513,376.67
1514,350.0
1515,60.13
1516,210.0
1517,127.66
1518,37.46
1519,240.83
1520,200.03
1521,457.14
1522,282.49
1523,54.6
1524,74.43
1525,1040.0
1526,66.58
1527,259.0
1528,84.06
1529,344.0
1530,190.0
1531,150.71
1532,114.22
1533,239.57
1534,256.75
1535,165.48
1536,112.36
1537,120.76
1538,1025.0
1539,204.6
1540,93.0
1541,38.79
1542,113.56
1543,510.0
1544,53.11
1545,44.24
1546,108.7
1547,99.1
1548,168.67
1549,119.38
1550,83.92
1551,91.36
1552,91.36
1553,111.56
1554,123.17
1555,1000.0
1556,110.31
1557,191.78
1558,331.0
1559,255.1
1560,189.83
1561,483.87
1562,321.88
1563,166.67
1564,670.0
1565,610.0
1566,1000.0
1567,250.0
1568,500.0
1569,500.0
1570,1000.0
1571,200.0
1572,1000.0
1573,250.0
1574,675.0
1575,64.23
1576,83.0
1577,45.24
1578,40.58
1579,139.46
1580,153.83
1581,90.5
1582,58.24
1583,36.48
1584,112.74
1585,81.83
1586,980.0
1587,980.0
1588,216.47
1589,84.07
1590,299.75
1591,190.0
1592,43.4
1593,82.24
1594,121.75
1595,74.97
1596,971.0
1597,161.67
1598,224.67
1599,120.64
1600,240.75
1601,242.03
1602,106.78
1603,160.0
1604,171.88
1605,43.23
1606,101.82
1607,145.25
1608,325.0
1609,312.5
1610,92.44
1611,264.29
1612,366.2
1613,152.65
1614,66.66
1615,65.78
1616,75.14
1617,186.0
1618,472.5
1619,340.0
1620,156.67
1621,85.45
1622,117.5
1623,37.39
1624,234.0
1625,134.58
1626,50.3
1627,51.89
1628,83.86
1629,72.34
1630,56.39
1631,309.0
1632,116.0
1633,193.55
1634,108.89
1635,111.18
1636,83.55
1637,53.94
1638,83.18
1639,65.36
1640,84.62
1641,57.06
1642,303.33
1643,909.0
1644,151.33
1645,112.88
1646,301.0
1647,62.76
1648,367.35
1649,900.0
1650,4121.21
1651,300.0
1652,95.0
1653,450.0
1654,225.0
1655,75.62
1656,188.41
1657,56.25
1658,128.57
1659,126.49
1660,58.95
1661,148.67
1662,892.0
1663,178.4
1664,127.45
1665,126.44
1666,241.76
1667,54.81
1668,122.02
1669,291.67
1670,850.0
1671,222.3
1672,50.52
1673,173.6
1674,173.4
1675,61.93
1676,288.33
1677,98.74
1678,300.0
1679,57.47
1680,215.0
1681,35.21
1682,187.5
1683,500.25
1684,121.43
1685,125.25
1686,86.8
1687,170.0
1688,424.0
1689,84.56
1690,67.54
1691,39.4
1692,167.8
1693,75.16
1694,419.61
1695,66.44
1696,415.0
1697,69.17
1698,48.82
1699,131.47
1700,79.82
1701,91.67
1702,412.5
1703,412.5
1704,275.0
1705,137.5
1706,265.0
1707,66.12
1708,206.89
1709,54.67
1710,320.71
1711,45.35
1712,81.6
1713,82.5
1714,116.43
1715,116.29
1716,129.13
1717,166.17
1718,94.1
1719,283.4
1720,115.29
1721,347.43
1722,89.56
1723,90.43
1724,89.22
1725,34.04
1726,60.98
1727,400.0
1728,242.86
1729,247.0
1730,200.0
1731,181.01
1732,246.88
1733,85.83
1734,200.0
1735,650.0
1736,400.0
1737,156.25
1738,322.0
1739,207.94
1740,200.0
1741,844.44
1742,118.62
1743,53.07
1744,61.08
1745,30.32
1746,41.52
1747,150.3
1748,56.52
1749,208.44
1750,112.86
1751,443.53
1752,263.0
1753,262.33
1754,130.83
1755,98.12
1756,88.71
1757,261.0
1758,130.0
1759,323.08
1760,180.0
1761,45.71
1762,21.57
1763,163.09
1764,204.2
1765,129.17
1766,17.0
1767,144.07
1768,120.69
1769,130.89
1770,91.34
1771,110.0
1772,133.33
1773,770.0
1774,274.44
1775,70.53
1776,22.59
1777,191.75
1778,255.0
1779,109.29
1780,201.75
1781,106.32
1782,110.14
1783,336.18
1784,105.64
1785,122.86
1786,61.24
1787,84.0
1788,155.96
1789,223.92
1790,420.79
1791,360.25
1792,750.0
1793,403.5
1794,178.3
1795,834.98
1796,58.58
1797,375.0
1798,300.0
1799,250.0
1800,250.0
1801,380.04
1802,152.14
1803,145.36
1804,71.74
1805,250.0
1806,112.14
1807,357.14
1808,83.33
1809,250.0
1810,75.18
1811,64.78
1812,124.33
1813,60.0
1814,248.0
1815,92.13
1816,88.0
1817,43.65
1818,370.5
1819,52.93
1820,105.71
1821,159.42
1822,92.38
1823,189.22
1824,142.62
1825,81.67
1826,61.25
1827,81.67
1828,86.56
1829,61.17
1830,204.83
1831,146.2
1832,111.85
1833,143.19
1834,118.81
1835,182.5
1836,224.0
1837,53.72
1838,241.38
1839,185.5
1840,278.2
1841,90.75
1842,271.74
1843,235.0
1844,103.57
1845,102.45
1846,120.33
1847,52.6
1848,42.47
1849,2875.0
1850,81.0
1851,102.86
1852,255.0
1853,93.9
1854,51.07
1855,119.17
1856,34.9
1857,119.0
1858,118.67
1859,54.78
1860,82.48
1861,356.0
1862,237.0
1863,176.14
1864,158.61
1865,347.83
1866,180.45
1867,118.17
1868,93.63
1869,382.9
1870,101.14
1871,100.71
1872,47.0
1873,352.5
1874,204.0
1875,24.31
1876,351.0
1877,702.0
1878,106.26
1879,175.0
1880,700.0
1881,350.0
1882,295.45
1883,150.0
1884,236.11
1885,219.0
1886,260.87
1887,253.5
1888,69.52
1889,519.17
1890,724.14
1891,323.33
1892,685.0
1893,705.88
1894,133.75
1895,333.33
1896,116.67
1897,116.67
1898,181.25
1899,349.5
1900,124.14
1901,232.67
1902,69.5
1903,49.64
1904,79.78
1905,198.25
1906,49.36
1907,345.0
1908,199.79
1909,67.67
1910,166.79
1911,175.68
1912,230.0
1913,60.45
1914,229.89
1915,62.64
1916,62.45
1917,685.0
1918,99.7
1919,55.06
1920,136.0
1921,226.67
1922,136.0
1923,128.21
1924,96.86
1925,84.38
1926,74.78
1927,197.37
1928,139.02
1929,30.95
1930,121.31
1931,151.51
1932,275.0
1933,92.59
1934,86.25
1935,117.12
1936,136.15
1937,62.0
1938,110.75
1939,355.93
1940,220.4
1941,63.83
1942,60.48
1943,51.0
1944,58.67
1945,330.5
1946,18.36
1947,335.23
1948,110.0
1949,85.92
1950,165.0
1951,70.82
1952,53.79
1953,172.84
1954,50.54
1955,327.0
1956,144.74
1957,163.0
1958,114.46
1959,95.3
1960,266.67
1961,392.16
1962,422.5
1963,242.58
1964,325.0
1965,650.0
1966,216.67
1967,130.0
1968,121.39
1969,216.67
1970,251.83
1971,37.94
1972,321.5
1973,354.17
1974,75.65
1975,34.5
1976,45.79
1977,80.42
1978,30.43
1979,32.17
1980,58.67
1981,212.0
1982,52.92
1983,106.15
1984,207.79
1985,47.57
1986,70.11
1987,19.23
1988,175.45
1989,147.54
1990,265.38
1991,95.93
1992,108.85
1993,84.5
1994,625.0
1995,62.5
1996,92.08
1997,28.41
1998,125.0
1999,78.0
2000,251.61
2001,124.6
2002,155.5
2003,69.0
2004,621.0
2005,88.57
2006,124.0
2007,154.28
2008,311.22
2009,194.0
2010,771.74
2011,152.5
2012,121.4
2013,33.61
2014,33.76
2015,41.38
2016,100.0
2017,120.0
2018,600.0
2019,292.0
2020,200.0
2021,140.76
2022,600.0
2023,75.0
2024,200.0
2025,500.0
2026,475.78
2027,300.0
2028,405.41
2029,600.0
2030,600.0
2031,464.0
2032,619.05
2033,300.0
2034,33.28
2035,78.14
2036,83.54
2037,61.09
2038,594.0
2039,197.67
2040,123.05
2041,98.33
2042,295.0
2043,65.0
2044,113.29
2045,196.0
2046,81.67
2047,117.4
2048,90.62
2049,60.03
2050,83.57
2051,53.09
2052,64.89
2053,111.11
2054,130.0
2055,44.77
2056,168.92
2057,58.0
2058,214.29
2059,69.82
2060,143.75
2061,129.17
2062,97.31
2063,57.3
2064,81.43
2065,95.0
2066,114.0
2067,63.33
2068,131.64
2069,189.0
2070,62.78
2071,290.5
2072,62.52
2073,68.67
2074,186.67
2075,144.17
2076,90.83
2077,35.31
2078,66.97
2079,226.75
2080,60.48
2081,96.36
2082,111.0
2083,94.1
2084,69.25
2085,57.18
2086,138.0
2087,130.38
2088,42.38
2089,183.33
2090,110.0
2091,107.75
2092,262.5
2093,183.33
2094,275.0
2095,94.29
2096,78.43
2097,75.06
2098,250.0
2099,60.0
2100,155.75
2101,60.0
2102,540.0
2103,45.94
2104,90.0
2105,223.21
2106,134.75
2107,63.1
2108,133.75
2109,98.79
2110,116.73
2111,111.3
2112,98.33
2113,97.33
2114,176.67
2115,176.67
2116,132.44
2117,98.33
2118,216.67
2119,65.91
2120,175.0
2121,525.0
2122,199.0
2123,265.0
2124,44.64
2125,30.62
2126,193.75
2127,57.22
2128,82.14
2129,129.27
2130,104.0
2131,145.5
2132,62.22
2133,386.67
2134,42.93
2135,64.38
2136,39.62
2137,13.56
2138,171.0
2139,46.55
2140,242.86
2141,273.82
2142,302.0
2143,46.36
2144,170.0
2145,510.0
2146,61.73
2147,221.38
2148,247.94
2149,92.5
2150,141.59
2151,225.23
2152,168.67
2153,29.71
2154,222.14
2155,41.71
2156,67.47
2157,167.0
2158,500.0
2159,909.09
2160,270.0
2161,500.0
2162,500.0
2163,115.0
2164,500.0
2165,69.69
2166,500.0
2167,250.0
2168,250.0
2169,250.0
2170,65.47
2171,83.55
2172,157.89
2173,500.0
2174,500.0
2175,166.67
2176,33.33
2177,150.0
2178,168.5
2179,269.23
2180,166.67
2181,196.67
2182,500.0
2183,500.0
2184,250.0
2185,250.0
2186,167.11
2187,150.2
2188,119.17
2189,88.25
2190,125.0
2191,166.67
2192,500.0
2193,88.76
2194,196.86
2195,500.0
2196,500.0
2197,178.57
2198,78.43
2199,29.52
2200,70.17
2201,287.39
2202,156.36
2203,47.61
2204,253.0
2205,45.09
2206,90.15
2207,25.15
2208,70.71
2209,73.01
2210,70.29
2211,70.29
2212,246.0
2213,163.67
2214,245.0
2215,52.81
2216,355.56
2217,320.8
2218,490.0
2219,163.06
2220,74.07
2221,41.48
2222,122.25
2223,24.19
2224,37.67
2225,40.42
2226,115.14
2227,136.11
2228,64.44
2229,86.67
2230,120.0
2231,866.36
2232,37.86
2233,68.89
2234,220.67
2235,95.6
2236,80.33
2237,22.6
2238,53.73
2239,81.51
2240,89.72
2241,30.57
2242,475.0
2243,113.33
2244,43.18
2245,65.4
2246,236.5
2247,65.47
2248,130.56
2249,209.0
2250,499.5
2251,109.0
2252,57.88
2253,124.29
2254,92.35
2255,78.33
2256,330.13
2257,112.69
2258,98.16
2259,183.0
2260,27.25
2261,44.71
2262,34.28
2263,153.0
2264,66.43
2265,71.62
2266,1173.5
2267,152.33
2268,154.33
2269,56.92
2270,461.0
2271,20.95
2272,205.83
2273,69.38
2274,42.95
2275,153.33
2276,35.38
2277,91.8
2278,456.0
2279,240.71
2280,65.0
2281,255.32
2282,234.7
2283,97.02
2284,303.77
2285,179.23
2286,112.5
2287,150.0
2288,121.89
2289,62.5
2290,135.38
2291,450.0
2292,225.0
2293,152.54
2294,450.0
2295,450.0
2296,450.0
2297,319.22
2298,150.0
2299,521.85
2300,125.0
2301,149.41
2302,189.72
2303,194.5
2304,72.57
2305,107.27
2306,73.5
2307,220.5
2308,66.43
2309,125.0
2310,143.18
2311,126.5
2312,62.71
2313,439.0
2314,48.56
2315,437.0
2316,108.75
2317,54.38
2318,43.5
2319,108.5
2320,48.22
2321,86.43
2322,71.67
2323,59.76
2324,115.79
2325,53.75
2326,128.15
2327,63.53
2328,50.91
2329,47.67
2330,429.0
2331,85.6
2332,110.42
2333,28.92
2334,85.0
2335,130.95
2336,212.5
2337,97.11
2338,63.94
2339,424.0
2340,47.75
2341,1054.95
2342,91.71
2343,422.0
2344,105.5
2345,52.75
2346,70.33
2347,101.34
2348,145.0
2349,509.8
2350,225.2
2351,140.0
2352,74.29
2353,420.0
2354,189.33
2355,95.0
2356,127.45
2357,155.56
2358,107.91
2359,43.69
2360,70.0
2361,136.67
2362,47.5
2363,205.0
2364,58.57
2365,13.38
2366,82.0
2367,61.75
2368,51.0
2369,232.97
2370,156.21
2371,203.5
2372,57.86
2373,33.75
2374,136.0
2375,50.62
2376,141.61
2377,57.43
2378,696.67
2379,66.67
2380,66.87
2381,97.17
2382,200.0
2383,255.32
2384,116.25
2385,121.57
2386,100.0
2387,66.67
2388,200.0
2389,245.74
2390,400.0
2391,100.0
2392,143.0
2393,200.0
2394,60.04
2395,175.44
2396,200.0
2397,400.0
2398,200.0
2399,1200.0
2400,97.75
2401,65.56
2402,166.67
2403,133.33
2404,233.33
2405,129.8
2406,83.33
2407,49.62
2408,80.39
2409,100.66
2410,50.74
2411,49.38
2412,395.0
2413,248.33
2414,77.76
2415,1189.19
2416,131.0
2417,59.31
2418,175.73
2419,243.75
2420,65.0
2421,48.75
2422,195.0
2423,318.18
2424,39.21
2425,45.56
2426,44.0
2427,534.44
2428,195.0
2429,59.67
2430,389.0
2431,35.84
2432,79.39
2433,197.37
2434,330.58
2435,39.29
2436,192.0
2437,46.43
2438,95.75
2439,47.75
2440,191.0
2441,381.0
2442,40.86
2443,101.0
2444,207.5
2445,99.0
2446,53.87
2447,106.08
2448,41.0
2449,31.46
2450,125.33
2451,125.0
2452,33.33
2453,63.12
2454,123.75
2455,37.5
2456,36.84
2457,150.56
2458,187.5
2459,47.22
2460,135.78
2461,28.68
2462,55.5
2463,41.33
2464,37.1
2465,58.75
2466,185.0
2467,297.5
2468,123.33
2469,370.0
2470,92.5
2471,92.25
2472,82.33
2473,91.75
2474,183.5
2475,183.5
2476,367.0
2477,122.0
2478,73.0
2479,26.5
2480,45.5
2481,81.97
2482,53.0
2483,120.0
2484,89.21
2485,177.5
2486,360.0
2487,120.0
2488,107.86
2489,229.81
2490,298.12
2491,29.47
2492,69.27
2493,120.0
2494,83.85
2495,205.0
2496,59.83
2497,44.88
2498,51.0
2499,119.0
2500,58.56
2501,245.61
2502,77.06
2503,32.27
2504,28.38
2505,352.0
2506,149.25
2507,79.46
2508,70.2
2509,87.75
2510,174.7
2511,70.2
2512,110.1
2513,175.0
2514,87.5
2515,96.25
2516,137.75
2517,87.1
2518,50.0
2519,350.0
2520,116.67
2521,292.82
2522,116.67
2523,70.0
2524,116.67
2525,232.0
2526,839.08
2527,87.5
2528,70.0
2529,101.0
2530,175.0
2531,175.0
2532,87.5
2533,350.0
2534,350.0
2535,350.0
2536,175.0
2537,50.0
2538,471.43
2539,85.71
2540,140.57
2541,200.0
2542,87.5
2543,175.0
2544,116.67
2545,175.0
2546,350.0
2547,109.07
2548,401.33
2549,68.3
2550,175.0
2551,81.87
2552,284.54
2553,175.0
2554,145.73
2555,69.4
2556,346.0
2557,345.0
2558,99.71
2559,363.64
2560,135.62
2561,140.0
2562,64.29
2563,193.63
2564,113.33
2565,121.74
2566,113.33
2567,169.5
2568,42.38
2569,50.93
2570,327.54
2571,112.33
2572,336.0
2573,58.8
2574,335.0
2575,62.14
2576,34.08
2577,113.33
2578,42.67
2579,112.42
2580,119.39
2581,110.0
2582,502.79
2583,110.0
2584,144.29
2585,47.37
2586,78.18
2587,162.5
2588,108.33
2589,39.25
2590,81.25
2591,81.25
2592,176.45
2593,177.67
2594,222.5
2595,59.24
2596,65.0
2597,81.25
2598,157.36
2599,269.5
2600,34.91
2601,192.2
2602,53.67
2603,87.75
2604,80.5
2605,22.95
2606,64.4
2607,22.93
2608,276.92
2609,83.92
2610,320.0
2611,336.25
2612,160.0
2613,65.43
2614,72.59
2615,35.5
2616,53.61
2617,101.0
2618,106.0
2619,28.91
2620,39.8
2621,105.67
2622,105.67
2623,85.46
2624,424.66
2625,36.18
2626,233.0
2627,78.75
2628,63.0
2629,37.5
2630,58.14
2631,119.37
2632,39.38
2633,78.25
2634,313.0
2635,23.92
2636,77.5
2637,103.33
2638,349.69
2639,36.72
2640,38.75
2641,52.0
2642,53.22
2643,126.49
2644,44.29
2645,33.52
2646,154.5
2647,62.88
2648,50.43
2649,307.0
2650,307.0
2651,153.5
2652,101.67
2653,50.83
2654,311.88
2655,45.91
2656,31.0
2657,50.83
2658,15.24
2659,30.3
2660,22.2
2661,100.67
2662,143.89
2663,300.0
2664,160.0
2665,1148.0
2666,257.29
2667,300.0
2668,300.0
2669,300.0
2670,150.0
2671,300.0
2672,304.95
2673,96.25
2674,300.0
2675,300.0
2676,243.67
2677,300.0
2678,300.0
2679,300.0
2680,375.0
2681,283.13
2682,164.0
2683,58.1
2684,96.79
2685,100.0
2686,75.0
2687,99.0
2688,300.0
2689,143.0
2690,180.67
2691,180.67
2692,300.0
2693,300.0
2694,300.0
2695,60.0
2696,188.89
2697,30.0
2698,185.56
2699,205.0
2700,412.5
2701,134.02
2702,496.43
2703,167.86
2704,50.0
2705,300.0
2706,137.5
2707,164.53
2708,1401.52
2709,450.0
2710,126.23
2711,100.0
2712,116.67
2713,112.6
2714,61.45
2715,183.0
2716,106.33
2717,230.81
2718,82.55
2719,220.59
2720,59.6
2721,37.34
2722,32.89
2723,62.38
2724,59.0
2725,294.0
2726,293.0
2727,100.71
2728,72.5
2729,306.6
2730,98.0
2731,158.75
2732,166.17
2733,276.56
2734,290.0
2735,27.79
2736,290.0
2737,32.22
2738,102.67
2739,57.8
2740,57.8
2741,49.91
2742,288.0
2743,53.67
2744,347.5
2745,49.91
2746,146.12
2747,25.91
2748,40.0
2749,71.25
2750,49.11
2751,95.0
2752,94.33
2753,62.54
2754,189.66
2755,31.22
2756,140.0
2757,140.0
2758,56.0
2759,140.0
2760,93.33
2761,44.15
2762,50.18
2763,55.8
2764,189.66
2765,89.6
2766,31.65
2767,46.71
2768,131.14
2769,69.25
2770,33.0
2771,206.44
2772,46.0
2773,14.15
2774,68.75
2775,137.5
2776,83.93
2777,55.0
2778,39.29
2779,74.17
2780,135.83
2781,91.67
2782,137.5
2783,134.18
2784,47.5
2785,323.94
2786,91.67
2787,136.5
2788,136.0
2789,136.0
2790,78.4
2791,54.2
2792,135.0
2793,38.57
2794,135.0
2795,54.0
2796,37.18
2797,135.0
2798,120.37
2799,303.03
2800,67.25
2801,24.45
2802,53.4
2803,83.49
2804,44.17
2805,66.25
2806,66.25
2807,38.24
2808,131.5
2809,262.0
2810,111.8
2811,551.72
2812,94.0
2813,20.08
2814,26.1
2815,80.39
2816,234.0
2817,59.29
2818,123.0
2819,203.27
2820,151.67
2821,86.67
2822,130.0
2823,130.0
2824,50.0
2825,51.67
2826,272.73
2827,59.23
2828,230.0
2829,130.0
2830,88.22
2831,137.45
2832,39.86
2833,66.5
2834,83.64
2835,256.0
2836,256.0
2837,69.3
2838,62.2
2839,63.75
2840,87.72
2841,255.0
2842,56.05
2843,52.23
2844,99.17
2845,250.0
2846,28.22
2847,108.39
2848,191.1
2849,106.5
2850,127.0
2851,126.0
2852,63.0
2853,41.83
2854,84.02
2855,736.36
2856,155.92
2857,140.0
2858,250.0
2859,125.0
2860,250.0
2861,515.15
2862,125.0
2863,85.56
2864,250.0
2865,125.0
2866,82.14
2867,156.52
2868,19.23
2869,250.0
2870,83.33
2871,250.0
2872,250.0
2873,83.33
2874,229.17
2875,99.0
2876,250.0
2877,62.5
2878,125.0
2879,213.75
2880,126.25
2881,250.0
2882,103.5
2883,250.0
2884,125.0
2885,250.0
2886,250.0
2887,250.0
2888,250.0
2889,250.0
2890,125.0
2891,91.67
2892,183.33
2893,250.0
2894,83.33
2895,108.0
2896,239.23
2897,107.5
2898,125.0
2899,250.0
2900,250.0
2901,33.67
2902,22.37
2903,72.0
2904,33.8
2905,49.26
2906,37.95
2907,62.25
2908,45.36
2909,82.67
2910,17.69
2911,91.55
2912,46.0
2913,114.33
2914,56.36
2915,56.83
2916,123.0
2917,123.0
2918,111.5
2919,245.0
2920,123.75
2921,116.71
2922,61.25
2923,67.67
2924,81.33
2925,244.0
2926,94.0
2927,82.6
2928,141.59
2929,60.0
2930,39.51
2931,48.0
2932,37.62
2933,254.23
2934,580.0
2935,60.0
2936,240.0
2937,80.0
2938,240.0
2939,120.0
2940,80.0
2941,60.0
2942,123.33
2943,80.0
2944,39.83
2945,59.2
2946,47.4
2947,785.71
2948,79.0
2949,71.75
2950,42.92
2951,78.33
2952,28.16
2953,102.14
2954,54.09
2955,23.53
2956,235.0
2957,181.82
2958,39.0
2959,33.43
2960,46.6
2961,188.41
2962,49.5
2963,231.0
2964,115.75
2965,80.0
2966,38.33
2967,115.0
2968,95.0
2969,188.5
2970,115.0
2971,46.67
2972,68.14
2973,98.27
2974,112.66
2975,42.94
2976,230.0
2977,14.75
2978,33.0
2979,23.97
2980,137.0
2981,79.5
2982,226.0
2983,96.17
2984,225.0
2985,257.14
2986,45.0
2987,50.62
2988,56.25
2989,37.5
2990,225.0
2991,112.5
2992,174.47
2993,54.17
2994,112.5
2995,112.5
2996,75.0
2997,75.0
2998,75.0
2999,62.5
3000,45.0
3001,225.0
3002,71.0
3003,112.5
3004,74.67
3005,55.25
3006,44.0
3007,220.0
3008,73.33
3009,220.0
3010,259.04
3011,173.0
3012,55.0
3013,220.0
3014,73.33
3015,220.0
3016,69.75
3017,73.33
3018,73.33
3019,36.67
3020,73.33
3021,20.64
3022,30.12
3023,29.25
3024,109.0
3025,15.5
3026,197.73
3027,43.4
3028,54.0
3029,216.0
3030,266.6
3031,30.71
3032,54.0
3033,155.72
3034,144.87
3035,71.67
3036,71.67
3037,35.83
3038,42.6
3039,105.5
3040,54.2
3041,65.0
3042,186.67
3043,42.0
3044,70.0
3045,328.5
3046,38.29
3047,40.0
3048,88.9
3049,164.12
3050,60.19
3051,70.0
3052,52.5
3053,52.5
3054,210.0
3055,105.0
3056,35.0
3057,208.0
3058,28.0
3059,38.93
3060,205.0
3061,205.0
3062,266.67
3063,205.0
3064,34.74
3065,180.18
3066,205.0
3067,61.0
3068,70.4
3069,78.81
3070,47.0
3071,207.79
3072,204.0
3073,54.59
3074,19.14
3075,60.67
3076,465.12
3077,113.7
3078,137.5
3079,69.22
3080,200.0
3081,200.0
3082,200.0
3083,200.0
3084,100.0
3085,232.14
3086,183.23
3087,200.0
3088,100.0
3089,166.67
3090,100.0
3091,200.0
3092,200.0
3093,145.83
3094,200.0
3095,65.0
3096,100.0
3097,172.5
3098,64.54
3099,100.0
3100,130.74
3101,50.0
3102,200.0
3103,236.99
3104,259.5
3105,200.0
3106,200.0
3107,200.0
3108,70.86
3109,200.0
3110,200.0
3111,200.0
3112,33.33
3113,100.0
3114,100.0
3115,66.67
3116,200.0
3117,200.0
3118,66.67
3119,200.0
3120,50.0
3121,200.0
3122,148.67
3123,238.1
3124,107.0
3125,152.0
3126,146.93
3127,100.0
3128,175.0
3129,81.43
3130,200.0
3131,64.75
3132,66.67
3133,40.0
3134,100.0
3135,108.33
3136,100.0
3137,200.0
3138,106.47
3139,160.0
3140,250.0
3141,144.0
3142,108.33
3143,200.0
3144,56.33
3145,125.0
3146,93.75
3147,200.0
3148,162.5
3149,144.8
3150,66.51
3151,66.0
3152,31.0
3153,97.5
3154,41.97
3155,65.0
3156,64.67
3157,53.9
3158,22.8
3159,146.57
3160,3975.61
3161,125.5
3162,126.22
3163,95.0
3164,108.0
3165,78.04
3166,40.67
3167,31.17
3168,171.5
3169,31.0
3170,279.79
3171,46.09
3172,112.71
3173,36.8
3174,69.4
3175,183.0
3176,91.5
3177,70.5
3178,669.64
3179,64.96
3180,230.1
3181,71.0
3182,40.2
3183,90.5
3184,45.25
3185,91.39
3186,33.0
3187,167.98
3188,90.0
3189,60.0
3190,90.0
3191,153.33
3192,88.75
3193,482.5
3194,45.0
3195,180.0
3196,51.92
3197,45.0
3198,180.0
3199,180.0
3200,80.79
3201,149.25
3202,387.88
3203,180.0
3204,90.0
3205,25.7
3206,45.0
3207,90.0
3208,180.0
3209,180.0
3210,36.0
3211,88.52
3212,37.44
3213,35.8
3214,57.88
3215,30.88
3216,53.92
3217,59.0
3218,88.5
3219,169.59
3220,289.47
3221,62.5
3222,175.0
3223,87.5
3224,135.0
3225,188.0
3226,106.8
3227,175.0
3228,175.0
3229,157.86
3230,131.0
3231,58.33
3232,175.0
3233,88.75
3234,44.95
3235,33.86
3236,86.5
3237,39.41
3238,57.67
3239,159.0
3240,54.91
3241,7.12
3242,34.2
3243,177.25
3244,88.5
3245,85.0
3246,66.0
3247,48.67
3248,170.0
3249,56.67
3250,73.33
3251,170.0
3252,56.67
3253,56.67
3254,85.0
3255,235.0
3256,56.67
3257,170.0
3258,28.33
3259,60.0
3260,41.75
3261,41.5
3262,166.0
3263,82.5
3264,297.87
3265,33.0
3266,143.0
3267,79.23
3268,54.75
3269,41.25
3270,82.5
3271,127.8
3272,20.62
3273,52.97
3274,21.51
3275,23.29
3276,81.6
3277,40.7
3278,162.5
3279,80.5
3280,32.2
3281,53.67
3282,111.32
3283,26.67
3284,10.0
3285,20.0
3286,73.83
3287,78.1
3288,123.49
3289,75.0
3290,146.67
3291,125.0
3292,26.67
3293,160.0
3294,160.0
3295,67.0
3296,160.0
3297,164.65
3298,160.0
3299,82.0
3300,110.0
3301,39.0
3302,196.15
3303,75.29
3304,104.4
3305,52.33
3306,78.5
3307,902.44
3308,266.0
3309,67.48
3310,64.33
3311,39.0
3312,52.0
3313,51.67
3314,118.22
3315,77.5
3316,77.5
3317,31.06
3318,82.0
3319,58.57
3320,31.0
3321,77.5
3322,240.83
3323,51.67
3324,179.13
3325,78.33
3326,58.22
3327,205.36
3328,51.33
3329,191.51
3330,153.0
3331,153.0
3332,157.0
3333,89.0
3334,119.0
3335,76.5
3336,138.29
3337,208.2
3338,153.0
3339,153.0
3340,153.0
3341,9.5
3342,138.33
3343,34.34
3344,76.0
3345,50.67
3346,10.33
3347,75.5
3348,83.33
3349,75.0
3350,103.33
3351,267.42
3352,86.88
3353,91.67
3354,292.0
3355,150.0
3356,49.16
3357,150.0
3358,75.0
3359,68.99
3360,37.5
3361,150.0
3362,150.0
3363,209.2
3364,150.0
3365,37.5
3366,75.0
3367,150.0
3368,50.0
3369,181.61
3370,150.0
3371,175.0
3372,75.0
3373,150.0
3374,48.04
3375,75.0
3376,75.0
3377,203.33
3378,150.0
3379,116.56
3380,172.5
3381,163.64
3382,150.0
3383,150.0
3384,90.91
3385,150.0
3386,75.0
3387,150.0
3388,225.0
3389,139.29
3390,147.94
3391,75.0
3392,150.0
3393,150.0
3394,150.0
3395,50.0
3396,150.0
3397,75.0
3398,75.0
3399,75.0
3400,21.43
3401,150.0
3402,157.73
3403,100.0
3404,150.0
3405,25.0
3406,150.0
3407,75.0
3408,50.0
3409,75.0
3410,150.0
3411,75.0
3412,150.0
3413,75.0
3414,150.0
3415,150.0
3416,133.33
3417,150.0
3418,150.0
3419,126.67
3420,75.0
3421,25.0
3422,184.8
3423,50.0
3424,150.0
3425,239.13
3426,110.54
3427,150.0
3428,125.0
3429,150.0
3430,150.0
3431,78.57
3432,149.0
3433,35.5
3434,40.01
3435,49.67
3436,149.0
3437,13.45
3438,49.33
3439,148.0
3440,73.0
3441,76.82
3442,18.12
3443,50.74
3444,36.25
3445,48.33
3446,60.08
3447,26.36
3448,36.25
3449,36.25
3450,64.91
3451,41.87
3452,61.75
3453,56.67
3454,36.0
3455,72.0
3456,23.67
3457,16.29
3458,35.33
3459,70.0
3460,132.5
3461,50.0
3462,222.22
3463,85.57
3464,71.56
3465,46.67
3466,70.0
3467,140.0
3468,46.67
3469,35.0
3470,100.77
3471,118.0
3472,88.0
3473,70.0
3474,140.0
3475,168.0
3476,70.0
3477,177.14
3478,149.07
3479,30.78
3480,46.0
3481,62.29
3482,215.8
3483,319.15
3484,15.11
3485,58.77
3486,45.0
3487,45.0
3488,135.0
3489,51.43
3490,67.5
3491,45.0
3492,53.0
3493,58.31
3494,85.68
3495,83.6
3496,44.67
3497,133.0
3498,33.25
3499,12.62
3500,33.25
3501,338.94
3502,89.21
3503,43.67
3504,26.2
3505,131.0
3506,65.5
3507,29.54
3508,21.83
3509,65.0
3510,43.57
3511,43.33
3512,65.0
3513,32.5
3514,11.82
3515,45.0
3516,65.0
3517,65.0
3518,282.61
3519,130.0
3520,50.71
3521,205.88
3522,43.33
3523,65.0
3524,130.0
3525,88.3
3526,40.0
3527,161.67
3528,65.0
3529,63.75
3530,29.89
3531,139.5
3532,25.8
3533,32.0
3534,117.67
3535,64.0
3536,127.0
3537,80.26
3538,58.0
3539,31.5
3540,134.0
3541,126.0
3542,114.0
3543,125.0
3544,85.0
3545,82.0
3546,125.0
3547,498.2
3548,263.75
3549,125.0
3550,25.0
3551,39.41
3552,125.0
3553,41.67
3554,62.5
3555,62.5
3556,85.0
3557,62.5
3558,24.29
3559,62.5
3560,125.0
3561,55.77
3562,62.5
3563,62.5
3564,23.0
3565,125.0
3566,125.0
3567,125.0
3568,125.0
3569,62.5
3570,125.0
3571,125.0
3572,277.78
3573,99.25
3574,125.0
3575,262.5
3576,31.06
3577,207.59
3578,25.0
3579,17.71
3580,62.0
3581,62.0
3582,34.36
3583,61.5
3584,63.0
3585,24.6
3586,61.5
3587,30.5
3588,30.5
3589,40.33
3590,120.0
3591,93.33
3592,40.0
3593,63.16
3594,57.0
3595,49.56
3596,40.0
3597,30.86
3598,46.83
3599,120.0
3600,120.0
3601,40.0
3602,40.0
3603,120.0
3604,120.0
3605,72.5
3606,40.0
3607,120.0
3608,120.0
3609,53.33
3610,120.0
3611,40.0
3612,120.0
3613,60.0
3614,120.0
3615,60.0
3616,120.0
3617,28.57
3618,120.0
3619,120.0
3620,120.0
3621,142.4
3622,40.0
3623,66.33
3624,60.0
3625,120.0
3626,20.0
3627,43.33
3628,120.0
3629,40.0
3630,146.44
3631,43.89
3632,285.71
3633,111.67
3634,120.0
3635,0.0
3636,59.5
3637,59.5
3638,23.8
3639,65.22
3640,20.2
3641,35.75
3642,58.5
3643,50.5
3644,22.29
3645,14.5
3646,58.0
3647,38.33
3648,115.0
3649,38.33
3650,57.5
3651,58.75
3652,57.5
3653,115.0
3654,85.0
3655,57.5
3656,115.0
3657,23.0
3658,30.71
3659,12.67
3660,28.5
3661,57.0
3662,37.67
3663,88.0
3664,112.0
3665,37.33
3666,56.0
3667,31.22
3668,22.4
3669,28.4
3670,597.7
3671,55.0
3672,55.0
3673,45.83
3674,60.0
3675,15.88
3676,110.0
3677,27.5
3678,36.67
3679,110.0
3680,55.0
3681,14.46
3682,135.0
3683,261.9
3684,18.17
3685,54.5
3686,839.73
3687,27.25
3688,27.25
3689,36.0
3690,67.58
3691,58.43
3692,107.0
3693,35.67
3694,106.0
3695,105.0
3696,35.0
3697,26.25
3698,35.0
3699,154.22
3700,35.0
3701,52.5
3702,105.0
3703,52.5
3704,32.0
3705,11.67
3706,27.5
3707,27.5
3708,31.03
3709,23.88
3710,32.5
3711,29.0
3712,104.0
3713,102.8
3714,38.2
3715,25.75
3716,25.5
3717,38.86
3718,52.43
3719,102.0
3720,14.57
3721,102.0
3722,20.4
3723,198.59
3724,51.0
3725,63.5
3726,102.0
3727,50.5
3728,88.12
3729,50.5
3730,100.0
3731,100.0
3732,100.0
3733,100.0
3734,164.0
3735,142.86
3736,70.18
3737,100.0
3738,50.0
3739,100.0
3740,50.0
3741,33.33
3742,50.0
3743,100.0
3744,50.0
3745,100.0
3746,100.0
3747,100.0
3748,100.0
3749,100.0
3750,100.0
3751,100.0
3752,100.0
3753,33.33
3754,50.0
3755,98.33
3756,175.0
3757,100.0
3758,100.0
3759,100.0
3760,50.0
3761,100.0
3762,50.0
3763,45.83
3764,100.0
3765,100.0
3766,50.0
3767,100.0
3768,100.0
3769,121.15
3770,33.33
3771,50.42
3772,57.44
3773,37.0
3774,100.0
3775,75.0
3776,74.5
3777,41.67
3778,100.0
3779,212.5
3780,100.0
3781,100.0
3782,54.88
3783,133.33
3784,100.0
3785,200.0
3786,100.0
3787,42.0
3788,100.0
3789,116.64
3790,100.0
3791,100.0
3792,100.0
3793,100.0
3794,100.0
3795,100.0
3796,100.0
3797,41.67
3798,66.67
3799,366.67
3800,100.0
3801,100.0
3802,83.22
3803,105.5
3804,100.0
3805,100.0
3806,53.67
3807,70.0
3808,100.0
3809,100.0
3810,100.0
3811,100.0
3812,50.0
3813,100.0
3814,100.0
3815,50.0
3816,100.0
3817,100.0
3818,100.0
3819,100.0
3820,70.0
3821,100.0
3822,187.42
3823,133.67
3824,100.0
3825,100.0
3826,50.0
3827,100.0
3828,58.57
3829,100.0
3830,100.0
3831,46.71
3832,60.88
3833,14.29
3834,100.0
3835,100.0
3836,170.51
3837,64.75
3838,45.16
3839,60.32
3840,102.94
3841,121.25
3842,74.55
3843,100.0
3844,100.0
3845,100.0
3846,100.0
3847,50.0
3848,80.0
3849,100.0
3850,100.0
3851,66.33
3852,49.67
3853,30.6
3854,33.0
3855,32.67
3856,5.16
3857,32.33
3858,40.67
3859,39.0
3860,32.0
3861,48.0
3862,48.0
3863,31.67
3864,82.5
3865,65.83
3866,102.12
3867,80.0
3868,67.29
3869,23.75
3870,47.5
3871,31.33
3872,154.93
3873,92.0
3874,60.0
3875,23.0
3876,92.0
3877,40.25
3878,92.0
3879,9.14
3880,39.4
3881,42.14
3882,56.27
3883,45.0
3884,90.0
3885,30.0
3886,28.25
3887,1240.0
3888,90.0
3889,83.04
3890,30.0
3891,45.0
3892,90.0
3893,46.67
3894,45.0
3895,45.0
3896,38.29
3897,90.0
3898,120.0
3899,90.0
3900,37.25
3901,73.0
3902,45.0
3903,45.0
3904,90.0
3905,90.0
3906,59.98
3907,116.73
3908,45.0
3909,354.84
3910,98.43
3911,70.0
3912,45.0
3913,44.5
3914,88.0
3915,89.72
3916,44.0
3917,44.0
3918,22.0
3919,89.33
3920,29.0
3921,14.33
3922,28.67
3923,86.0
3924,43.0
3925,28.33
3926,36.25
3927,51.25
3928,149.56
3929,227.74
3930,21.25
3931,42.5
3932,63.33
3933,26.86
3934,42.0
3935,84.0
3936,84.0
3937,60.44
3938,82.0
3939,112.17
3940,82.0
3941,167.18
3942,27.5
3943,40.5
3944,25.8
3945,46.5
3946,64.17
3947,86.67
3948,84.0
3949,45.92
3950,40.0
3951,20.0
3952,40.0
3953,80.0
3954,76.11
3955,42.0
3956,146.67
3957,80.0
3958,80.0
3959,78.18
3960,40.0
3961,40.0
3962,59.17
3963,33.5
3964,40.0
3965,40.0
3966,73.08
3967,80.0
3968,3.81
3969,128.83
3970,40.0
3971,40.0
3972,80.0
3973,115.0
3974,80.0
3975,57.27
3976,65.0
3977,40.0
3978,80.0
3979,80.0
3980,40.0
3981,80.0
3982,80.0
3983,80.0
3984,75.6
3985,48.57
3986,143.53
3987,139.13
3988,34.67
3989,79.0
3990,26.33
3991,10.39
3992,26.0
3993,78.0
3994,158.43
3995,19.25
3996,13.05
3997,76.0
3998,50.0
3999,32.0
4000,25.33
4001,75.0
4002,75.0
4003,25.0
4004,37.5
4005,75.0
4006,41.25
4007,37.5
4008,37.5
4009,75.0
4010,48.75
4011,33.67
4012,453.12
4013,87.5
4014,75.0
4015,32.0
4016,75.0
4017,75.0
4018,214.56
4019,25.0
4020,71.49
4021,96.03
4022,79.27
4023,75.0
4024,25.0
4025,18.75
4026,37.5
4027,75.0
4028,75.0
4029,308.82
4030,75.0
4031,55.26
4032,70.0
4033,37.5
4034,68.81
4035,75.0
4036,75.0
4037,24.67
4038,149.42
4039,36.5
4040,73.0
4041,36.5
4042,24.0
4043,72.0
4044,83.51
4045,112.9
4046,35.5
4047,18.8
4048,33.4
4049,70.0
4050,70.0
4051,35.0
4052,70.0
4053,70.0
4054,123.33
4055,43.29
4056,70.0
4057,27.0
4058,70.0
4059,23.33
4060,35.0
4061,70.0
4062,35.0
4063,35.0
4064,76.67
4065,35.0
4066,70.0
4067,23.33
4068,35.0
4069,35.0
4070,23.33
4071,23.33
4072,70.0
4073,70.0
4074,68.0
4075,160.5
4076,55.5
4077,30.5
4078,66.0
4079,45.86
4080,43.85
4081,36.5
4082,28.43
4083,134.38
4084,21.67
4085,32.5
4086,32.5
4087,65.0
4088,31.0
4089,65.0
4090,140.0
4091,34.55
4092,32.5
4093,78.33
4094,21.67
4095,21.67
4096,100.71
4097,21.67
4098,96.0
4099,32.5
4100,33.12
4101,29.5
4102,31.82
4103,32.0
4104,21.33
4105,64.43
4106,131.5
4107,37.67
4108,21.0
4109,60.86
4110,63.0
4111,62.0
4112,62.0
4113,15.5
4114,29.0
4115,15.25
4116,61.0
4117,61.0
4118,80.0
4119,145.0
4120,30.0
4121,60.0
4122,60.0
4123,68.75
4124,11.25
4125,60.0
4126,115.5
4127,20.0
4128,60.0
4129,42.0
4130,110.0
4131,48.33
4132,196.72
4133,60.0
4134,155.0
4135,60.0
4136,60.0
4137,34.5
4138,15.5
4139,60.0
4140,58.43
4141,68.48
4142,60.0
4143,30.0
4144,50.0
4145,30.0
4146,60.0
4147,72.86
4148,60.0
4149,60.0
4150,60.0
4151,60.0
4152,60.0
4153,60.0
4154,30.0
4155,60.0
4156,30.0
4157,30.0
4158,60.0
4159,60.0
4160,60.0
4161,30.0
4162,60.0
4163,53.33
4164,60.0
4165,60.5
4166,264.71
4167,44.0
4168,25.61
4169,20.0
4170,30.0
4171,59.0
4172,19.67
4173,14.5
4174,29.0
4175,29.0
4176,29.0
4177,11.4
4178,57.0
4179,57.0
4180,57.0
4181,540.82
4182,32.75
4183,56.0
4184,28.0
4185,56.0
4186,14.0
4187,27.67
4188,56.0
4189,28.25
4190,554.35
4191,27.5
4192,27.5
4193,55.0
4194,11.0
4195,55.0
4196,27.5
4197,27.5
4198,18.33
4199,154.26
4200,18.33
4201,27.5
4202,55.0
4203,27.5
4204,55.0
4205,27.5
4206,21.75
4207,54.0
4208,84.33
4209,54.0
4210,54.0
4211,69.05
4212,9.0
4213,15.0
4214,27.0
4215,54.0
4216,24.0
4217,81.36
4218,26.5
4219,13.25
4220,52.0
4221,26.0
4222,51.0
4223,276.0
4224,441.86
4225,17.33
4226,52.0
4227,36.0
4228,52.0
4229,52.0
4230,52.0
4231,51.0
4232,174.56
4233,51.0
4234,51.0
4235,51.0
4236,51.0
4237,51.0
4238,25.5
4239,51.0
4240,51.0
4241,10.2
4242,46.5
4243,17.0
4244,78.75
4245,50.0
4246,33.33
4247,40.88
4248,81.25
4249,56.78
4250,25.0
4251,50.0
4252,168.83
4253,50.0
4254,25.0
4255,50.0
4256,50.0
4257,50.0
4258,50.0
4259,58.33
4260,50.0
4261,50.0
4262,126.44
4263,50.0
4264,25.0
4265,25.0
4266,106.25
4267,50.0
4268,25.0
4269,25.0
4270,50.0
4271,50.0
4272,50.0
4273,50.0
4274,50.0
4275,34.77
4276,187.0
4277,50.0
4278,166.67
4279,50.0
4280,50.0
4281,16.67
4282,241.38
4283,55.0
4284,50.0
4285,37.5
4286,120.0
4287,50.0
4288,25.0
4289,27.5
4290,50.0
4291,50.0
4292,25.0
4293,25.0
4294,50.0
4295,75.0
4296,61.11
4297,35.07
4298,168.69
4299,66.67
4300,50.0
4301,25.43
4302,50.0
4303,50.0
4304,75.0
4305,50.0
4306,50.0
4307,50.0
4308,50.0
4309,50.0
4310,50.0
4311,50.0
4312,50.0
4313,16.67
4314,25.0
4315,34.67
4316,55.88
4317,554.11
4318,179.03
4319,50.0
4320,68.21
4321,50.0
4322,50.0
4323,40.0
4324,50.0
4325,50.0
4326,45.83
4327,50.0
4328,50.0
4329,157.33
4330,55.62
4331,50.0
4332,50.0
4333,50.0
4334,50.0
4335,50.0
4336,50.0
4337,50.0
4338,50.0
4339,50.0
4340,25.0
4341,25.0
4342,50.0
4343,50.0
4344,183.33
4345,50.0
4346,58.33
4347,197.33
4348,306.36
4349,25.0
4350,24.55
4351,125.0
4352,50.0
4353,50.0
4354,50.0
4355,50.0
4356,50.0
4357,50.0
4358,25.0
4359,50.0
4360,50.0
4361,50.0
4362,50.0
4363,50.0
4364,50.0
4365,50.0
4366,50.0
4367,50.0
4368,50.0
4369,376.71
4370,50.5
4371,50.0
4372,25.0
4373,16.67
4374,30.0
4375,25.0
4376,50.0
4377,114.17
4378,25.0
4379,50.0
4380,50.0
4381,50.0
4382,50.0
4383,60.0
4384,165.75
4385,120.83
4386,109.16
4387,24.75
4388,39.65
4389,232.39
4390,35.0
4391,87.5
4392,50.0
4393,48.57
4394,50.0
4395,50.0
4396,33.33
4397,50.0
4398,48.0
4399,48.0
4400,48.0
4401,12.0
4402,24.0
4403,108.6
4404,24.0
4405,12.0
4406,23.5
4407,86.69
4408,23.0
4409,54.58
4410,85.5
4411,22.82
4412,40.0
4413,240.0
4414,95.36
4415,51.67
4416,49.17
4417,31.25
4418,45.0
4419,24.58
4420,31.25
4421,35.0
4422,58.91
4423,45.0
4424,45.0
4425,79.08
4426,86.78
4427,45.0
4428,45.0
4429,31.67
4430,45.0
4431,26.25
4432,22.5
4433,45.0
4434,22.5
4435,45.0
4436,45.0
4437,45.0
4438,220.33
4439,123.03
4440,45.0
4441,35.2
4442,22.5
4443,44.0
4444,14.67
4445,22.0
4446,14.33
4447,43.0
4448,21.5
4449,329.17
4450,42.0
4451,42.0
4452,168.38
4453,23.65
4454,41.79
4455,21.0
4456,144.57
4457,158.65
4458,41.0
4459,53.12
4460,40.0
4461,40.0
4462,98.0
4463,28.0
4464,40.0
4465,40.0
4466,40.0
4467,40.0
4468,40.0
4469,27.85
4470,40.0
4471,45.0
4472,40.0
4473,40.0
4474,36.11
4475,40.0
4476,40.0
4477,40.0
4478,55.0
4479,55.0
4480,40.0
4481,93.28
4482,20.0
4483,40.0
4484,40.0
4485,21.67
4486,40.0
4487,40.0
4488,101.5
4489,6.67
4490,40.0
4491,40.0
4492,21.67
4493,45.0
4494,40.0
4495,51.25
4496,40.0
4497,40.0
4498,40.0
4499,40.0
4500,40.0
4501,40.0
4502,40.0
4503,40.0
4504,285.71
4505,40.0
4506,50.0
4507,40.0
4508,40.0
4509,40.0
4510,40.0
4511,40.0
4512,40.0
4513,40.0
4514,40.0
4515,40.0
4516,16.31
4517,73.75
4518,33.33
4519,40.0
4520,37.5
4521,45.38
4522,40.0
4523,35.17
4524,40.0
4525,20.0
4526,39.0
4527,39.0
4528,104.44
4529,19.0
4530,12.67
4531,88.47
4532,25.18
4533,191.06
4534,82.75
4535,37.0
4536,18.5
4537,37.0
4538,123.08
4539,18.5
4540,154.62
4541,18.0
4542,18.0
4543,103.71
4544,36.0
4545,36.0
4546,47.75
4547,18.0
4548,10.25
4549,90.5
4550,151.25
4551,111.95
4552,35.0
4553,17.5
4554,35.0
4555,35.0
4556,35.0
4557,17.5
4558,35.0
4559,148.94
4560,17.5
4561,17.5
4562,81.3
4563,19.67
4564,17.5
4565,49.6
4566,146.11
4567,92.5
4568,10.29
4569,68.81
4570,35.0
4571,43.83
4572,35.0
4573,35.0
4574,27.0
4575,16.43
4576,20.0
4577,67.25
4578,10.0
4579,35.0
4580,35.0
4581,58.75
4582,17.83
4583,75.76
4584,35.0
4585,42.71
4586,34.0
4587,125.22
4588,34.0
4589,34.0
4590,34.0
4591,33.0
4592,17.6
4593,37.45
4594,32.0
4595,10.67
4596,32.0
4597,14.67
4598,32.0
4599,32.0
4600,32.0
4601,15.5
4602,31.0
4603,31.0
4604,15.5
4605,35.0
4606,25.64
4607,30.0
4608,560.98
4609,30.0
4610,135.23
4611,30.0
4612,30.0
4613,30.0
4614,10.33
4615,30.0
4616,10.0
4617,168.5
4618,30.0
4619,30.0
4620,54.75
4621,30.0
4622,30.0
4623,30.0
4624,40.0
4625,70.87
4626,30.0
4627,30.0
4628,128.0
4629,70.14
4630,30.0
4631,30.0
4632,30.0
4633,30.0
4634,35.0
4635,72.5
4636,30.0
4637,23.75
4638,30.0
4639,30.0
4640,267.33
4641,30.0
4642,37.5
4643,30.0
4644,30.0
4645,30.0
4646,30.0
4647,115.0
4648,30.0
4649,30.0
4650,28.8
4651,25.83
4652,107.5
4653,30.0
4654,30.0
4655,40.0
4656,30.0
4657,53.53
4658,30.0
4659,30.0
4660,30.0
4661,30.0
4662,30.0
4663,316.0
4664,30.0
4665,30.0
4666,46.89
4667,30.0
4668,86.36
4669,15.0
4670,100.0
4671,30.0
4672,56.33
4673,30.0
4674,30.0
4675,30.0
4676,30.0
4677,30.0
4678,70.29
4679,59.17
4680,30.0
4681,30.0
4682,213.0
4683,242.14
4684,58.25
4685,256.41
4686,30.0
4687,30.0
4688,53.78
4689,64.5
4690,29.0
4691,373.91
4692,14.5
4693,29.67
4694,29.0
4695,28.25
4696,28.0
4697,28.62
4698,28.0
4699,47.12
4700,28.0
4701,28.0
4702,28.0
4703,42.33
4704,11.83
4705,67.24
4706,27.0
4707,39.67
4708,13.5
4709,58.68
4710,26.0
4711,26.0
4712,26.0
4713,26.0
4714,144.75
4715,26.0
4716,67.71
4717,29.82
4718,65.56
4719,111.62
4720,25.0
4721,30.96
4722,41.67
4723,117.83
4724,106.25
4725,25.0
4726,25.0
4727,31.25
4728,25.0
4729,72.19
4730,25.0
4731,25.0
4732,12.5
4733,72.43
4734,26.0
4735,25.0
4736,25.0
4737,25.0
4738,12.5
4739,25.0
4740,240.29
4741,35.0
4742,136.62
4743,25.0
4744,25.0
4745,25.0
4746,25.0
4747,25.0
4748,25.0
4749,25.0
4750,25.0
4751,25.0
4752,25.0
4753,25.0
4754,25.0
4755,75.0
4756,35.48
4757,63.15
4758,25.0
4759,228.43
4760,25.0
4761,25.0
4762,39.16
4763,25.0
4764,25.0
4765,25.0
4766,91.38
4767,25.0
4768,25.0
4769,25.0
4770,33.04
4771,25.0
4772,25.0
4773,25.0
4774,25.0
4775,25.0
4776,25.0
4777,25.0
4778,25.0
4779,25.0
4780,25.0
4781,40.0
4782,25.0
4783,25.0
4784,25.0
4785,31.25
4786,68.33
4787,25.0
4788,25.0
4789,43.88
4790,25.0
4791,25.0
4792,25.0
4793,25.0
4794,25.0
4795,25.0
4796,25.0
4797,25.0
4798,25.0
4799,12.5
4800,25.0
4801,25.0
4802,25.0
4803,25.0
4804,25.0
4805,102.41
4806,12.5
4807,25.0
4808,25.0
4809,54.28
4810,25.0
4811,22.0
4812,25.0
4813,25.0
4814,67.5
4815,37.5
4816,25.0
4817,25.0
4818,25.0
4819,25.0
4820,25.0
4821,25.0
4822,25.0
4823,25.0
4824,25.0
4825,25.0
4826,25.0
4827,25.0
4828,25.0
4829,25.0
4830,25.0
4831,51.67
4832,25.0
4833,106.25
4834,25.0
4835,12.5
4836,25.5
4837,37.99
4838,25.0
4839,12.5
4840,19.5
4841,25.0
4842,25.0
4843,51.67
4844,25.0
4845,25.0
4846,72.06
4847,118.73
4848,70.69
4849,52.48
4850,45.0
4851,37.5
4852,25.0
4853,25.0
4854,25.0
4855,24.0
4856,24.0
4857,12.0
4858,24.0
4859,12.0
4860,12.0
4861,24.0
4862,12.0
4863,34.75
4864,4.6
4865,59.71
4866,11.5
4867,73.1
4868,5.5
4869,22.0
4870,11.0
4871,22.0
4872,47.83
4873,5.5
4874,11.0
4875,101.09
4876,21.0
4877,34.86
4878,53.63
4879,21.0
4880,10.5
4881,45.0
4882,20.0
4883,10.0
4884,164.0
4885,20.0
4886,10.0
4887,47.5
4888,20.0
4889,20.0
4890,20.0
4891,66.67
4892,20.0
4893,20.0
4894,20.0
4895,10.0
4896,20.0
4897,20.0
4898,20.0
4899,21.67
4900,25.0
4901,30.0
4902,20.0
4903,20.0
4904,20.0
4905,20.0
4906,24.07
4907,20.0
4908,20.0
4909,20.0
4910,27.5
4911,20.0
4912,157.57
4913,143.12
4914,10.0
4915,20.0
4916,57.13
4917,8.99
4918,56.39
4919,46.2
4920,22.5
4921,20.0
4922,6.33
4923,9.5
4924,19.0
4925,19.0
4926,9.5
4927,18.0
4928,9.0
4929,18.5
4930,38.69
4931,9.0
4932,17.0
4933,394.74
4934,17.0
4935,8.5
4936,17.0
4937,17.0
4938,111.11
4939,16.0
4940,16.0
4941,16.0
4942,5.33
4943,32.75
4944,3.2
4945,63.67
4946,16.0
4947,16.0
4948,80.34
4949,15.0
4950,15.0
4951,7.5
4952,7.5
4953,18.75
4954,21.5
4955,193.18
4956,67.0
4957,218.09
4958,15.0
4959,15.0
4960,7.5
4961,15.0
4962,19.17
4963,15.0
4964,15.0
4965,15.0
4966,4.86
4967,7.67
4968,13.2
4969,15.0
4970,15.0
4971,15.0
4972,15.0
4973,5.25
4974,15.0
4975,15.0
4976,212.4
4977,1575.0
4978,15.0
4979,26.8
4980,112.35
4981,14.0
4982,114.67
4983,7.0
4984,131.58
4985,13.0
4986,13.0
4987,13.0
4988,16.5
4989,13.0
4990,3.25
4991,13.0
4992,13.0
4993,13.0
4994,12.0
4995,12.0
4996,3.0
4997,12.0
4998,12.0
4999,12.0
5000,72.4
5001,12.0
5002,12.0
5003,23.4
5004,22.5
5005,11.0
5006,7.5
5007,10.0
5008,10.0
5009,10.0
5010,10.0
5011,10.0
5012,10.0
5013,10.0
5014,10.0
5015,10.0
5016,10.0
5017,10.0
5018,131.71
5019,10.0
5020,10.0
5021,10.0
5022,10.0
5023,10.0
5024,10.0
5025,10.0
5026,10.0
5027,10.0
5028,10.0
5029,10.0
5030,10.0
5031,10.0
5032,10.0
5033,10.0
5034,10.0
5035,5.0
5036,36.4
5037,10.0
5038,10.0
5039,10.0
5040,10.0
5041,10.0
5042,9.5
5043,10.0
5044,10.0
5045,10.0
5046,10.0
5047,10.0
5048,51.08
5049,73.02
5050,10.0
5051,10.0
5052,10.0
5053,9.0
5054,9.0
5055,9.0
5056,9.0
5057,9.0
5058,9.0
5059,8.0
5060,8.0
5061,8.0
5062,8.0
5063,8.0
5064,8.0
5065,8.0
5066,8.0
5067,8.0
5068,8.0
5069,30.0
5070,8.0
5071,8.0
5072,52.67
5073,8.0
5074,8.0
5075,8.0
5076,8.0
5077,48.3
5078,200.75
5079,14.25
5080,7.0
5081,3.5
5082,7.0
5083,204.19
5084,7.0
5085,102.83
5086,7.0
5087,60.67
5088,3.5
5089,7.0
5090,7.0
5091,7.0
5092,6.0
5093,6.0
5094,6.0
5095,6.0
5096,6.0
5097,3.0
5098,5.0
5099,5.0
5100,5.0
5101,36.43
5102,5.0
5103,5.0
5104,47.67
5105,5.0
5106,5.0
5107,5.0
5108,5.0
5109,28.12
5110,5.0
5111,5.0
5112,5.0
5113,5.0
5114,5.0
5115,4.0
5116,4.0
5117,13.14
5118,4.0
5119,4.0
5120,3.0
5121,35.64
5122,3.0
5123,2.0
5124,1.0
5125,2.0
5126,70.25
5127,1.0
5128,1.0
5129,1.0
5130,1.0
5131,54.0
5132,1.0
5133,1.0
5134,52.67
5135,1.0
5136,1.0
5137,1073.17
5138,0.0
5139,237.38
5140,0.0
5141,400.0
5142,0.0
5143,138.62
5144,435.45
5145,1200.0
5146,78.0
5147,0.0
5148,0.0
5149,0.0
5150,0.0
5151,0.0
5152,180.0
5153,536.57
5154,88.76
5155,490.2
5156,687.5
5157,0.0
5158,478.57
5159,0.0
5160,666.5
5161,94.0
5162,0.0
5163,0.0
5164,62.5
5165,0.0
5166,0.0
5167,118.33
5168,0.0
5169,0.0
5170,0.0
5171,91.83
5172,0.0
5173,0.0
5174,265.56
5175,99.0
5176,0.0
5177,0.0
5178,287.96
5179,36.0
5180,0.0
5181,0.0
5182,0.0
5183,0.0
5184,0.0
5185,0.0
5186,0.0
5187,0.0
5188,250.0
5189,35.33
5190,0.0
5191,153.32
5192,162.33
5193,173.33
5194,195.0
5195,0.0
5196,0.0
5197,0.0
5198,0.0
5199,207.79
5200,0.0
5201,0.0
5202,0.0
5203,0.0
5204,0.0
5205,255.33
5206,75.0
5207,0.0
5208,0.0
5209,95.72
5210,207.55
5211,1562.5
5212,148.33
5213,0.0
5214,316.82
5215,32.09
5216,0.0
5217,0.0
5218,0.0
5219,578.27
5220,0.0
5221,162.5
5222,0.0
5223,694.44
5224,79.33
5225,0.0
5226,0.0
5227,573.57
5228,0.0
5229,0.0
5230,0.0
5231,0.0
5232,0.0
5233,0.0
5234,0.0
5235,642.86
5236,0.0
5237,0.0
5238,1196.43
5239,254.96
5240,278.3
5241,0.0
5242,0.0
5243,142.86
5244,0.0
5245,126.36
5246,0.0
5247,171.5
5248,103.72
5249,0.0
5250,426.86
5251,0.0
5252,0.0
5253,0.0
5254,94.72
5255,0.0
5256,0.0
5257,0.0
5258,30.75
5259,0.0
5260,0.0
5261,0.0
5262,0.0
5263,152.96
5264,0.0
5265,0.0
5266,0.0
5267,0.0
5268,35.0
5269,197.08
5270,75.32
5271,0.0
5272,0.0
5273,0.0
5274,0.0
5275,0.0
5276,225.0
5277,0.0
5278,0.0
5279,0.0
5280,0.0
5281,172.86
5282,0.0
5283,0.0
5284,0.0
5285,0.0
5286,25.0
5287,107.64
5288,0.0
5289,0.0
5290,0.0
5291,0.0
5292,0.0
5293,0.0
5294,0.0
5295,0.0
5296,0.0
5297,0.0
5298,0.0
5299,0.0
5300,32.5
5301,0.0
5302,0.0
5303,88.33
5304,294.12
5305,0.0
5306,77.26
5307,0.0
5308,0.0
5309,36.0
5310,0.0
5311,120.0
5312,0.0
5313,0.0
5314,730.77
5315,0.0
5316,0.0
5317,244.37
5318,0.0
5319,181.34
5320,0.0
5321,0.0
5322,0.0
5323,137.83
5324,219.0
5325,0.0
5326,0.0
5327,0.0
5328,0.0
5329,425.33
5330,0.0
5331,0.0
5332,80.0
5333,0.0
5334,0.0
5335,0.0
5336,209.88
5337,66.25
5338,0.0
5339,808.92
5340,114.29
5341,0.0
5342,54.29
5343,0.0
5344,103.57
5345,210.33
5346,60.35
5347,268.67
5348,135.22
5349,0.0
5350,75.0
5351,0.0
5352,546.67
5353,0.0
5354,157.77
5355,100.0
5356,120.0
5357,0.0
5358,375.0
5359,100.0
5360,168.54
5361,0.0
5362,0.0
5363,114.0
5364,0.0
5365,0.0
5366,77.9
5367,37.5
5368,0.0
5369,0.0
5370,0.0
5371,25.0
5372,0.0
5373,101.25
5374,0.0
5375,0.0
5376,0.0
5377,0.0
5378,0.0
5379,100.4
5380,924.24
5381,143.5
5382,0.0
5383,0.0
5384,144.51
5385,0.0
5386,25.0
5387,0.0
5388,0.0
5389,0.0
5390,0.0
5391,67.0
5392,0.0
5393,65.0
5394,0.0
5395,1222.22
5396,0.0
5397,280.52
5398,0.0
5399,0.0
5400,95.83
5401,25.0
5402,0.0
5403,88.0
5404,0.0
5405,0.0
5406,0.0
5407,0.0
5408,0.0
5409,205.0
5410,0.0
5411,0.0
5412,0.0
5413,0.0
5414,0.0
5415,0.0
5416,0.0
5417,300.0
5418,714.29
5419,0.0
5420,217.67
5421,0.0
5422,0.0
5423,0.0
5424,0.0
5425,0.0
5426,0.0
5427,134.5
5428,0.0
5429,0.0
5430,0.0
5431,0.0
5432,0.0
5433,0.0
5434,0.0
5435,0.0
5436,0.0
5437,0.0
5438,35.0
5439,0.0
5440,0.0
5441,0.0
5442,0.0
5443,52.5
5444,0.0
5445,0.0
5446,0.0
5447,228.57
5448,0.0
5449,0.0
5450,0.0
5451,0.0
5452,0.0
5453,0.0
5454,0.0
5455,0.0
5456,0.0
5457,0.0
5458,0.0
5459,0.0
5460,131.2
5461,0.0
5462,0.0
5463,267.61
5464,149.17
5465,0.0
5466,217.43
5467,471.26
5468,170.83
5469,0.0
5470,0.0
5471,0.0
5472,284.05
5473,258.57
5474,242.86
5475,0.0
5476,0.0
5477,0.0
5478,62.52
5479,0.0
5480,47.0
5481,0.0
5482,0.0
5483,0.0
5484,0.0
5485,0.0
5486,0.0
5487,0.0
5488,0.0
5489,0.0
5490,0.0
5491,90.2
5492,0.0
5493,0.0
5494,135.14
5495,618.75
5496,0.0
5497,0.0
5498,247.44
5499,0.0
5500,66.33
5501,0.0
5502,0.0
5503,0.0
5504,0.0
5505,150.0
5506,0.0
5507,0.0
5508,967.14
5509,0.0
5510,0.0
5511,0.0
5512,0.0
5513,0.0
5514,0.0
5515,0.0
5516,0.0
5517,235.96
5518,0.0
5519,0.0
5520,0.0
5521,0.0
5522,88.0
5523,196.08
5524,0.0
5525,0.0
5526,429.89
5527,0.0
5528,0.0
5529,270.27
5530,0.0
5531,0.0
5532,0.0
5533,80.0
5534,0.0
5535,0.0
5536,435.43
5537,0.0
5538,0.0
5539,0.0
5540,666.67
5541,0.0
5542,0.0
5543,0.0
5544,0.0
5545,0.0
5546,25.0
5547,75.0
5548,95.58
5549,389.0
5550,0.0
5551,0.0
5552,0.0
5553,0.0
5554,0.0
5555,0.0
5556,0.0
5557,0.0
5558,0.0
5559,0.0
5560,0.0
5561,0.0
5562,0.0
5563,0.0
5564,0.0
5565,100.0
5566,0.0
5567,0.0
5568,0.0
5569,0.0
5570,30.0
5571,0.0
5572,0.0
5573,0.0
5574,632.2
5575,55.73
5576,216.27
5577,43.0
5578,0.0
5579,150.0
5580,0.0
5581,0.0
5582,0.0
5583,0.0
5584,0.0
5585,0.0
5586,0.0
5587,0.0
5588,0.0
5589,0.0
5590,0.0
5591,0.0
5592,0.0
5593,159.17
5594,0.0
5595,0.0
5596,0.0
5597,0.0
5598,0.0
5599,78.0
5600,0.0
5601,0.0
5602,0.0
5603,0.0
5604,0.0
5605,0.0
5606,0.0
5607,180.0
5608,125.0
5609,0.0
5610,0.0
5611,0.0
5612,0.0
5613,0.0
5614,86.67
5615,0.0
5616,0.0
5617,0.0
5618,0.0
5619,0.0
5620,0.0
5621,69.8
5622,78.0
5623,156.25
5624,0.0
5625,0.0
5626,0.0
5627,25.0
5628,178.08
5629,54.17
5630,0.0
5631,0.0
5632,0.0
5633,0.0
5634,100.0
5635,0.0
5636,0.0
5637,0.0
5638,0.0
5639,0.0
5640,0.0
5641,513.29
5642,0.0
5643,0.0
5644,0.0
5645,43.83
5646,0.0
5647,0.0
5648,111.23
5649,0.0
5650,0.0
5651,0.0
5652,0.0
5653,83.33
5654,104.58
5655,101.0
5656,105.93
5657,0.0
5658,0.0
5659,0.0
5660,115.39
5661,101.47
5662,0.0
5663,0.0
5664,0.0
5665,0.0
5666,0.0
5667,108.57
5668,0.0
5669,0.0
5670,0.0
5671,0.0
5672,0.0
5673,0.0
5674,84.29
5675,0.0
5676,31.0
5677,150.0
5678,0.0
5679,0.0
5680,0.0
5681,0.0
5682,0.0
5683,0.0
5684,0.0
5685,0.0
5686,0.0
5687,0.0
5688,0.0
5689,0.0
5690,0.0
5691,0.0
5692,344.17
5693,0.0
5694,0.0
5695,0.0
5696,0.0
5697,0.0
5698,0.0
5699,0.0
5700,25.0
5701,32.5
5702,0.0
5703,136.75
5704,0.0
5705,169.92
5706,0.0
5707,0.0
5708,0.0
5709,0.0
5710,0.0
5711,0.0
5712,45.18
5713,0.0
5714,134.67
5715,102.25
5716,0.0
5717,0.0
5718,0.0
5719,0.0
5720,0.0
5721,0.0
5722,0.0
5723,0.0
5724,0.0
5725,0.0
5726,132.86
5727,0.0
5728,471.43
5729,201.25
5730,119.17
5731,0.0
5732,0.0
5733,220.0
5734,0.0
5735,87.89
5736,25.0
5737,0.0
5738,0.0
5739,0.0
5740,0.0
5741,0.0
5742,0.0
5743,0.0
5744,0.0
5745,106.67
5746,0.0
5747,0.0
5748,101.1
5749,0.0
5750,0.0
5751,0.0
5752,0.0
5753,0.0
5754,319.75
5755,0.0
5756,0.0
5757,300.0
5758,0.0
5759,0.0
5760,0.0
5761,0.0
5762,0.0
5763,100.0
5764,249.2
5765,151.52
5766,0.0
5767,172.41
5768,0.0
5769,99.01
5770,0.0
5771,0.0
5772,400.0
5773,0.0
5774,134.63
5775,0.0
5776,315.0
5777,0.0
5778,33.12
5779,75.0
5780,0.0
5781,0.0
5782,0.0
5783,0.0
5784,0.0
5785,0.0
5786,0.0
5787,0.0
5788,0.0
5789,200.0
5790,0.0
5791,0.0
5792,172.0
5793,0.0
5794,25.0
5795,0.0
5796,100.0
5797,0.0
5798,0.0
5799,0.0
5800,0.0
5801,0.0
5802,0.0
5803,0.0
5804,0.0
5805,0.0
5806,0.0
5807,0.0
5808,86.67
5809,0.0
5810,62.29
5811,0.0
5812,0.0
5813,0.0
5814,0.0
5815,0.0
5816,0.0
5817,0.0
5818,128.33
5819,0.0
5820,0.0
5821,0.0
5822,0.0
5823,0.0
5824,0.0
5825,0.0
5826,0.0
5827,0.0
5828,0.0
5829,0.0
5830,134.34
5831,0.0
5832,30.0
5833,110.0
5834,0.0
5835,0.0
5836,0.0
5837,0.0
5838,0.0
5839,0.0
5840,190.0
5841,0.0
5842,0.0
5843,0.0
5844,0.0
5845,260.71
5846,0.0
5847,0.0
5848,0.0
5849,0.0
5850,0.0
5851,0.0
5852,0.0
5853,0.0
5854,0.0
5855,92.5
5856,230.0
5857,0.0
5858,0.0
5859,0.0
5860,0.0
5861,0.0
5862,0.0
5863,0.0
5864,0.0
5865,0.0
5866,50.0
5867,600.0
5868,58.33
5869,75.0
5870,0.0
5871,0.0
5872,0.0
5873,0.0
5874,127.5
5875,0.0
5876,300.0
5877,0.0
5878,0.0
5879,225.87
5880,56.83
5881,0.0
5882,293.87
5883,0.0
5884,0.0
5885,346.49
5886,0.0
5887,25.0
5888,0.0
5889,0.0
5890,0.0
5891,0.0
5892,45.0
5893,0.0
5894,0.0
5895,0.0
5896,80.27
5897,0.0
5898,25.0
5899,0.0
5900,0.0
5901,0.0
5902,0.0
5903,0.0
5904,0.0
5905,0.0
5906,50.0
5907,0.0
5908,566.67
5909,0.0
5910,0.0
5911,0.0
5912,0.0
5913,0.0
5914,65.94
5915,0.0
5916,0.0
5917,175.0
5918,0.0
5919,0.0
5920,0.0
5921,256.41
5922,341.67
5923,0.0
5924,183.75
5925,0.0
5926,0.0
5927,179.0
5928,0.0
5929,0.0
5930,25.0
5931,0.0
5932,271.5
5933,0.0
5934,0.0
5935,0.0
5936,0.0
5937,0.0
5938,25.0
5939,0.0
5940,0.0
5941,0.0
5942,0.0
5943,0.0
5944,0.0
5945,0.0
5946,0.0
5947,0.0
5948,229.56
5949,0.0
5950,320.83
5951,0.0
5952,0.0
5953,41.0
5954,0.0
5955,0.0
5956,105.0
5957,114.56
5958,0.0
5959,139.48
5960,251.0
5961,100.0
5962,0.0
5963,0.0
5964,300.0
5965,247.0
5966,68.71
5967,0.0
5968,0.0
5969,0.0
5970,30.0
5971,0.0
5972,0.0
5973,0.0
5974,210.0
5975,319.05
5976,451.79
5977,0.0
5978,0.0
5979,0.0
5980,0.0
5981,0.0
5982,0.0
5983,0.0
5984,0.0
5985,0.0
5986,0.0
